relation	kind	ordinal	column	type	upstream table	derivation	sample values	description	null meaning
course_material_use	view	1	isbn13	bigint	course_material_recent	Inherited `course_material_recent.isbn13` via `SELECT *`.	9780000000002	Book or material identifier used for cross-source matching.	Never NULL; every retained source Use row requires an ISBN.
course_material_use	view	2	book_title	varchar	course_material_recent	Inherited `course_material_recent.book_title` via `SELECT *`.	Introduction to Biology	Canonical title selected for the grouped ISBN.	The selected representative row has no value; another grouped row may have one.
course_material_use	view	3	author	varchar	course_material_recent	Inherited `course_material_recent.author` via `SELECT *`.	A. Example	Author credited for the adopted course material.	The selected representative row has no value; another grouped row may have one.
course_material_use	view	4	publisher	varchar	course_material_recent	Inherited `course_material_recent.publisher` via `SELECT *`.	Example Press	Publisher credited for the adopted course material.	The selected representative row has no value; another grouped row may have one.
course_material_use	view	5	imprint	varchar	course_material_recent	Inherited `course_material_recent.imprint` via `SELECT *`.	Example Academic	Publishing imprint named for the adopted material.	The selected representative row has no value; another grouped row may have one.
course_material_use	view	6	book_format	varchar	course_material_recent	Inherited `course_material_recent.book_format` via `SELECT *`.	physical	Physical or digital format of the material.	The selected representative row has no value; another grouped row may have one.
course_material_use	view	7	format_type	varchar	course_material_recent	Inherited `course_material_recent.format_type` via `SELECT *`.	Book	Catalog classification label for the material format.	The selected representative row has no value; another grouped row may have one.
course_material_use	view	8	book_status	varchar	course_material_recent	Inherited `course_material_recent.book_status` via `SELECT *`.	required	Adoption priority assigned to the course material.	The selected representative row has no value; another grouped row may have one.
course_material_use	view	9	isbn_book_title	varchar	course_material_recent	Inherited `course_material_recent.isbn_book_title` via `SELECT *`.	Introduction to Biology	Canonical title selected for the term-level ISBN.	No nonmissing metadata value for the term×ISBN.
course_material_use	view	10	isbn_author	varchar	course_material_recent	Inherited `course_material_recent.isbn_author` via `SELECT *`.	A. Example	Canonical author selected for the term-level ISBN.	No nonmissing metadata value for the term×ISBN.
course_material_use	view	11	isbn_publisher	varchar	course_material_recent	Inherited `course_material_recent.isbn_publisher` via `SELECT *`.	Example Press	Canonical publisher selected for the term-level ISBN.	No nonmissing metadata value for the term×ISBN.
course_material_use	view	12	isbn_title_variant_count	bigint	course_material_recent	Inherited `course_material_recent.isbn_title_variant_count` via `SELECT *`.	42	Distinct ISBN title variants found within grouped catalog rows.	Never NULL; zero means no nonmissing value.
course_material_use	view	13	isbn_author_variant_count	bigint	course_material_recent	Inherited `course_material_recent.isbn_author_variant_count` via `SELECT *`.	42	Distinct ISBN author variants found within grouped catalog rows.	Never NULL; zero means no nonmissing value.
course_material_use	view	14	isbn_publisher_variant_count	bigint	course_material_recent	Inherited `course_material_recent.isbn_publisher_variant_count` via `SELECT *`.	42	Distinct ISBN publisher variants found within grouped catalog rows.	Never NULL; zero means no nonmissing value.
course_material_use	view	15	unit_id	bigint	course_material_recent	Inherited `course_material_recent.unit_id` via `SELECT *`.	1001	IPEDS institution identifier used throughout the pipeline.	The selected representative row has no value; another grouped row may have one.
course_material_use	view	16	school	varchar	course_material_recent	Inherited `course_material_recent.school` via `SELECT *`.	Example University	Institution or school name attached to the course.	The selected representative row has no value; another grouped row may have one.
course_material_use	view	17	state	varchar	course_material_recent	Inherited `course_material_recent.state` via `SELECT *`.	CA	State or province code for the institution.	The selected representative row has no value; another grouped row may have one.
course_material_use	view	18	dept_code	varchar	course_material_recent	Inherited `course_material_recent.dept_code` via `SELECT *`.	BIO	Short code identifying the academic department.	The selected representative row has no value; another grouped row may have one.
course_material_use	view	19	department	varchar	course_material_recent	Inherited `course_material_recent.department` via `SELECT *`.	Biology	Academic department responsible for the course.	The selected representative row has no value; another grouped row may have one.
course_material_use	view	20	dept_description	varchar	course_material_recent	Inherited `course_material_recent.dept_description` via `SELECT *`.	Biology	Expanded description of the academic department.	The selected representative row has no value; another grouped row may have one.
course_material_use	view	21	course_number	varchar	course_material_recent	Inherited `course_material_recent.course_number` via `SELECT *`.	101	Catalog number identifying the course within its department.	The selected representative row has no value; another grouped row may have one.
course_material_use	view	22	section	varchar	course_material_recent	Inherited `course_material_recent.section` via `SELECT *`.	001	Source code distinguishing sections of the same course.	The selected representative row has no value; another grouped row may have one.
course_material_use	view	23	course_title	varchar	course_material_recent	Inherited `course_material_recent.course_title` via `SELECT *`.	Introduction to Biology	Official title assigned to the course.	The selected representative row has no value; another grouped row may have one.
course_material_use	view	24	course_level	varchar	course_material_recent	Inherited `course_material_recent.course_level` via `SELECT *`.	Introductory or general undergraduate	Instructional level assigned to the course.	Neither the section-canonical value nor representative source row has a value.
course_material_use	view	25	course_subject	varchar	course_material_recent	Inherited `course_material_recent.course_subject` via `SELECT *`.	BIO	Subject area assigned to the course.	The selected representative row has no value; another grouped row may have one.
course_material_use	view	26	period	varchar	course_material_recent	Inherited `course_material_recent.period` via `SELECT *`.	Fall 2025	Human-readable academic term label from the source.	The selected representative row has no value; another grouped row may have one.
course_material_use	view	27	enrollments	integer	course_material_recent	Inherited `course_material_recent.enrollments` via `SELECT *`.	42	Enrollment reported directly for the course section.	Neither the section-canonical value nor representative source row has a value.
course_material_use	view	28	seats_taken	integer	course_material_recent	Inherited `course_material_recent.seats_taken` via `SELECT *`.	42	Occupied seats reported for the course section.	Neither the section-canonical value nor representative source row has a value.
course_material_use	view	29	instructor	varchar	course_material_recent	Inherited `course_material_recent.instructor` via `SELECT *`.	A. Example	Instructor name attached to the course section.	The selected representative row has no value; another grouped row may have one.
course_material_use	view	30	first_name	varchar	course_material_recent	Inherited `course_material_recent.first_name` via `SELECT *`.	A. Example	Given name of the course instructor.	The selected representative row has no value; another grouped row may have one.
course_material_use	view	31	last_name	varchar	course_material_recent	Inherited `course_material_recent.last_name` via `SELECT *`.	A. Example	Family name of the course instructor.	The selected representative row has no value; another grouped row may have one.
course_material_use	view	32	email	varchar	course_material_recent	Inherited `course_material_recent.email` via `SELECT *`.	instructor@example.edu	Normalized instructor email used for contact and matching.	The selected representative row has no value; another grouped row may have one.
course_material_use	view	33	course_id	varchar	course_material_recent	Inherited `course_material_recent.course_id` via `SELECT *`.	1001::BIO::101	Stable identifier for the institution-level course offering.	Neither the section-canonical value nor representative source row has a value.
course_material_use	view	34	section_id	varchar	course_material_recent	Inherited `course_material_recent.section_id` via `SELECT *`.	1001::BIO::101::001::2025-4	Period-specific identifier for the distinct section offering.	ISBN is NULL only on audit groups; section and sortable-period keys are required.
course_material_use	view	35	period_sortable	varchar	course_material_recent	Inherited `course_material_recent.period_sortable` via `SELECT *`.	2025-4	Sortable academic term code used for chronological ordering.	ISBN is NULL only on audit groups; section and sortable-period keys are required.
course_material_use	view	36	period_date	date	course_material_recent	Inherited `course_material_recent.period_date` via `SELECT *`.	2025-10-01	Canonical starting date assigned to the academic term.	The selected representative row has no value; another grouped row may have one.
course_material_use	view	37	is_oer	boolean	course_material_recent	Inherited `course_material_recent.is_oer` via `SELECT *`.	TRUE	Whether the material is an open educational resource.	Never NULL under the normalized row-flag contract; false means no grouped row qualifies.
course_material_use	view	38	oer_category	varchar	course_material_recent	Inherited `course_material_recent.oer_category` via `SELECT *`.	unknown	Open-resource category assigned to the material format.	The selected representative row has no value; another grouped row may have one.
course_material_use	view	39	is_ia	boolean	course_material_recent	Inherited `course_material_recent.is_ia` via `SELECT *`.	TRUE	Whether the material uses inclusive access.	Never NULL under the normalized row-flag contract; false means no grouped row qualifies.
course_material_use	view	40	ia_category	varchar	course_material_recent	Inherited `course_material_recent.ia_category` via `SELECT *`.	unknown	Inclusive-access category assigned to the material format.	The selected representative row has no value; another grouped row may have one.
course_material_use	view	41	is_supply	boolean	course_material_recent	Inherited `course_material_recent.is_supply` via `SELECT *`.	TRUE	Whether the material is classified as a course supply.	Never NULL under the normalized row-flag contract; false means no grouped row qualifies.
course_material_use	view	42	supply_category	varchar	course_material_recent	Inherited `course_material_recent.supply_category` via `SELECT *`.	science_lab	Supply classification assigned from matched title keywords.	The selected representative row has no value; another grouped row may have one.
course_material_use	view	43	institution_name	varchar	course_material_recent	Inherited `course_material_recent.institution_name` via `SELECT *`.	Example University	Canonical institution name supplied by IPEDS.	The selected representative row has no value; another grouped row may have one.
course_material_use	view	44	sector	varchar	course_material_recent	Inherited `course_material_recent.sector` via `SELECT *`.	unknown	IPEDS sector classification for the institution.	Neither the section-canonical value nor representative source row has a value.
course_material_use	view	45	level	varchar	course_material_recent	Inherited `course_material_recent.level` via `SELECT *`.	unknown	IPEDS award-level classification for the institution.	Neither the section-canonical value nor representative source row has a value.
course_material_use	view	46	control	varchar	course_material_recent	Inherited `course_material_recent.control` via `SELECT *`.	unknown	Institution ownership and governance classification used for reporting.	Neither the section-canonical value nor representative source row has a value.
course_material_use	view	47	size	varchar	course_material_recent	Inherited `course_material_recent.size` via `SELECT *`.	unknown	IPEDS institutional enrollment-size classification used for reporting.	The selected representative row has no value; another grouped row may have one.
course_material_use	view	48	enrollment_2024	integer	course_material_recent	Inherited `course_material_recent.enrollment_2024` via `SELECT *`.	42	Total institutional enrollment reported to IPEDS for 2024.	The selected representative row has no value; another grouped row may have one.
course_material_use	view	49	distance_enrollment_2024	integer	course_material_recent	Inherited `course_material_recent.distance_enrollment_2024` via `SELECT *`.	42	IPEDS 2024 students enrolled in distance education.	The selected representative row has no value; another grouped row may have one.
course_material_use	view	50	institution_type	varchar	course_material_recent	Inherited `course_material_recent.institution_type` via `SELECT *`.	unknown	Derived institution type used for reporting groups.	The selected representative row has no value; another grouped row may have one.
course_material_use	view	51	is_required_inferred	boolean	course_material_recent	Inherited `course_material_recent.is_required_inferred` via `SELECT *`.	TRUE	Whether the material is treated as required after fallback.	Never NULL under the normalized row-flag contract; false means no grouped row qualifies.
course_material_use	view	52	is_recent	boolean	course_material_recent	Inherited `course_material_recent.is_recent` via `SELECT *`.	TRUE	Whether the term belongs to the newest catalog window.	Never NULL; inherited from the recent-period view.
course_material_use	view	53	has_isbn	boolean	course_material_recent	Inherited `course_material_recent.has_isbn` via `SELECT *`.	TRUE	Whether the material has a non-NULL ISBN.	Never NULL; every retained source Use row requires an ISBN.
course_material_use	view	54	has_formattype	boolean	course_material_recent	Inherited `course_material_recent.has_formattype` via `SELECT *`.	TRUE	Whether the material has a nonblank FormatType classification.	Never NULL under the normalized row-flag contract; false means no grouped row qualifies.
course_material_use	view	55	has_enrollment	boolean	course_material_recent	Inherited `course_material_recent.has_enrollment` via `SELECT *`.	TRUE	Whether usable enrollment information is available.	Never NULL; false means neither section-canonical nor source-row evidence qualifies.
course_material_use	view	56	has_enrollment_own_seats	boolean	course_material_recent	Inherited `course_material_recent.has_enrollment_own_seats` via `SELECT *`.	TRUE	Whether the section reports usable occupied seats.	Never NULL; false means neither section-canonical nor source-row evidence qualifies.
course_material_use	view	57	no_details	boolean	course_material_recent	Inherited `course_material_recent.no_details` via `SELECT *`.	TRUE	Whether the title carries the no-details placeholder.	Never NULL under the normalized row-flag contract; false means no grouped row qualifies.
course_material_use	view	58	no_materials	boolean	course_material_recent	Inherited `course_material_recent.no_materials` via `SELECT *`.	TRUE	Whether the row explicitly indicates no course materials.	Never NULL under the normalized row-flag contract; false means no grouped row qualifies.
course_material_use	view	59	is_canada	boolean	course_material_recent	Inherited `course_material_recent.is_canada` via `SELECT *`.	TRUE	Whether the source row belongs to Canada.	Never NULL under the normalized row-flag contract; false means no grouped row qualifies.
course_material_use	view	60	is_course_material_use	boolean	course_material_recent	Inherited `course_material_recent.is_course_material_use` via `SELECT *`.	TRUE	Whether the material belongs to the analysis population.	Never NULL; required by the view filter.
course_material_use	view	61	is_course_material_no_use	boolean	course_material_recent	Inherited `course_material_recent.is_course_material_no_use` via `SELECT *`.	FALSE	Whether the material belongs to the excluded population.	Never NULL; NoUse is recomputed as recent AND NOT grouped Use evidence.
course_material_use	view	62	has_enrollment_sibling	boolean	course_material_recent	Inherited `course_material_recent.has_enrollment_sibling` via `SELECT *`.	TRUE	Whether a sibling section reports enrollment.	Never NULL in the recent-period view; false means no qualifying section evidence.
course_material_use	view	63	has_enrollment_sibling_seats	boolean	course_material_recent	Inherited `course_material_recent.has_enrollment_sibling_seats` via `SELECT *`.	TRUE	Whether a sibling section reports usable occupied seats.	Never NULL in the recent-period view; false means no qualifying section evidence.
course_material_use	view	64	enrollment_assigned	integer	course_material_recent	Inherited `course_material_recent.enrollment_assigned` via `SELECT *`.	42	Best available section enrollment from the assignment ladder.	NULL outside the recent window or when no assignment rung succeeds.
course_material_use	view	65	enrollment_source	varchar	course_material_recent	Inherited `course_material_recent.enrollment_source` via `SELECT *`.	own	Assignment-ladder rung that supplied the section enrollment.	Never NULL in the recent-period view; `none` means no assignment rung produced a value.
course_material_use	view	66	is_required_direct	boolean	course_material_recent	Inherited `course_material_recent.is_required_direct` via `SELECT *`.	TRUE	Whether direct required evidence is present at the relation grain.	Never NULL under the normalized row-flag contract; false means no grouped row qualifies.
course_material_use	view	67	is_optional_or_recommended_direct	boolean	course_material_recent	Inherited `course_material_recent.is_optional_or_recommended_direct` via `SELECT *`.	TRUE	Whether grouped rows include optional or recommended direct-status evidence.	Never NULL under the normalized row-flag contract; false means no grouped row qualifies.
course_material_use	view	68	source_row_count	bigint	course_material_recent	Inherited `course_material_recent.source_row_count` via `SELECT *`.	42	Catalog rows collapsed into the canonical material item.	Never NULL or zero for a retained group.
course_material_use	view	69	title_variant_count	bigint	course_material_recent	Inherited `course_material_recent.title_variant_count` via `SELECT *`.	42	Distinct title variants found within grouped catalog rows.	Never NULL; zero means no nonmissing value.
course_material_use	view	70	author_variant_count	bigint	course_material_recent	Inherited `course_material_recent.author_variant_count` via `SELECT *`.	42	Distinct author variants found within grouped catalog rows.	Never NULL; zero means no nonmissing value.
course_material_use	view	71	publisher_variant_count	bigint	course_material_recent	Inherited `course_material_recent.publisher_variant_count` via `SELECT *`.	42	Distinct publisher variants found within grouped catalog rows.	Never NULL; zero means no nonmissing value.
course_material_use	view	72	imprint_variant_count	bigint	course_material_recent	Inherited `course_material_recent.imprint_variant_count` via `SELECT *`.	42	Distinct imprint variants found within grouped catalog rows.	Never NULL; zero means no nonmissing value.
course_material_use	view	73	book_format_variant_count	bigint	course_material_recent	Inherited `course_material_recent.book_format_variant_count` via `SELECT *`.	42	Distinct book format variants found within grouped catalog rows.	Never NULL; zero means no nonmissing value.
course_material_use	view	74	format_type_variant_count	bigint	course_material_recent	Inherited `course_material_recent.format_type_variant_count` via `SELECT *`.	42	Distinct FormatType variants found within grouped catalog rows.	Never NULL; zero means no nonmissing value.
course_material_use	view	75	book_status_variant_count	bigint	course_material_recent	Inherited `course_material_recent.book_status_variant_count` via `SELECT *`.	42	Distinct book status variants found within grouped catalog rows.	Never NULL; zero means no nonmissing value.
course_material_use	view	76	catalog_metadata_conflict	boolean	course_material_recent	Inherited `course_material_recent.catalog_metadata_conflict` via `SELECT *`.	TRUE	Flags conflicting bibliographic values among grouped catalog rows.	Never NULL; false means the named conflict was not detected.
course_material_use	view	77	is_required_inferred_conflict	boolean	course_material_recent	Inherited `course_material_recent.is_required_inferred_conflict` via `SELECT *`.	TRUE	Whether grouped rows disagree on inferred-required status.	Never NULL; false means no detected within-group conflict.
course_material_use	view	78	is_oer_conflict	boolean	course_material_recent	Inherited `course_material_recent.is_oer_conflict` via `SELECT *`.	TRUE	Whether grouped rows disagree on open-resource classification.	Never NULL; false means no detected within-group conflict.
course_material_use	view	79	is_ia_conflict	boolean	course_material_recent	Inherited `course_material_recent.is_ia_conflict` via `SELECT *`.	TRUE	Whether grouped rows disagree on inclusive-access classification.	Never NULL; false means no detected within-group conflict.
course_material_use	view	80	use_source_row_count	bigint	course_material_recent	Inherited `course_material_recent.use_source_row_count` via `SELECT *`.	42	Included catalog rows collapsed into the canonical item.	Never NULL; zero is possible for the filtered count.
course_material_use	view	81	no_use_source_row_count	bigint	course_material_recent	Inherited `course_material_recent.no_use_source_row_count` via `SELECT *`.	42	Excluded catalog rows collapsed into the canonical item.	Never NULL; zero is possible for the filtered count.
course_material_use	view	82	has_use_source_row	boolean	course_material_recent	Inherited `course_material_recent.has_use_source_row` via `SELECT *`.	TRUE	Whether grouped rows include retained-population evidence.	Never NULL; the view retains groups with source Use evidence.
course_material_use	view	83	has_no_use_source_row	boolean	course_material_recent	Inherited `course_material_recent.has_no_use_source_row` via `SELECT *`.	TRUE	Whether grouped rows include excluded-population evidence.	Never NULL under the normalized row-flag contract; false means no grouped row qualifies.
course_material_use	view	84	population_classification_conflict	boolean	course_material_recent	Inherited `course_material_recent.population_classification_conflict` via `SELECT *`.	TRUE	Flags simultaneous Use and NoUse evidence within groups.	Never NULL; false means the named conflict was not detected.
course_material_use	view	85	instructor_variant_count	bigint	course_material_recent	Inherited `course_material_recent.instructor_variant_count` via `SELECT *`.	42	Distinct instructor variants found within grouped catalog rows.	Never NULL; zero means no nonmissing value.
course_material_use	view	86	email_variant_count	bigint	course_material_recent	Inherited `course_material_recent.email_variant_count` via `SELECT *`.	42	Distinct email variants found within grouped catalog rows.	Never NULL; zero means no nonmissing value.
course_material_use	view	87	contact_metadata_conflict	boolean	course_material_recent	Inherited `course_material_recent.contact_metadata_conflict` via `SELECT *`.	TRUE	Flags conflicting instructor or email values within groups.	Never NULL; false means the named conflict was not detected.
course_material_use	view	88	is_supply_conflict	boolean	course_material_recent	Inherited `course_material_recent.is_supply_conflict` via `SELECT *`.	TRUE	Whether grouped rows disagree on supply classification.	Never NULL; false means no detected within-group conflict.
course_material_use	view	89	no_details_conflict	boolean	course_material_recent	Inherited `course_material_recent.no_details_conflict` via `SELECT *`.	TRUE	Flags disagreement about the no-details placeholder within groups.	Never NULL; false means no detected within-group conflict.
course_material_use	view	90	no_materials_conflict	boolean	course_material_recent	Inherited `course_material_recent.no_materials_conflict` via `SELECT *`.	TRUE	Flags disagreement about no-materials evidence within groups.	Never NULL; false means no detected within-group conflict.
course_material_use	view	91	is_canada_conflict	boolean	course_material_recent	Inherited `course_material_recent.is_canada_conflict` via `SELECT *`.	TRUE	Whether grouped rows disagree on Canadian classification.	Never NULL; false means no detected within-group conflict.
course_material_use	view	92	is_null_isbn_audit	boolean	course_material_recent	Inherited `course_material_recent.is_null_isbn_audit` via `SELECT *`.	TRUE	Whether the row audits a NULL-ISBN source group.	Never NULL; false means the named evidence is absent.
course_material_use	view	93	has_nonnull_isbn_in_section	boolean	course_material_recent	Inherited `course_material_recent.has_nonnull_isbn_in_section` via `SELECT *`.	TRUE	Whether the section contains another non-NULL ISBN.	Never NULL; false means the named evidence is absent.
course_material_use	view	94	is_no_adoption_section	boolean	course_material_recent	Inherited `course_material_recent.is_no_adoption_section` via `SELECT *`.	TRUE	Whether the section has no non-NULL adopted ISBN.	Never NULL; false means the named evidence is absent.
course_material_use	view	95	is_section_required_direct	boolean	course_material_recent	Inherited `course_material_recent.is_section_required_direct` via `SELECT *`.	TRUE	Whether the source section has direct required evidence.	Never NULL in the recent-period view; false means no qualifying section evidence.
course_material_use	view	96	section_course_material_no_use_count	bigint	course_material_recent	Inherited `course_material_recent.section_course_material_no_use_count` via `SELECT *`.	42	Excluded canonical items counted for the source section.	Never NULL; false or zero means the named section evidence is absent.
course_material_use	view	97	section_no_details_count	bigint	course_material_recent	Inherited `course_material_recent.section_no_details_count` via `SELECT *`.	42	No-details canonical items counted for the source section.	Never NULL; false or zero means the named section evidence is absent.
course_material_use	view	98	section_no_materials_count	bigint	course_material_recent	Inherited `course_material_recent.section_no_materials_count` via `SELECT *`.	42	No-materials canonical items counted for the source section.	Never NULL; false or zero means the named section evidence is absent.
course_material_use	view	99	is_section_canada	boolean	course_material_recent	Inherited `course_material_recent.is_section_canada` via `SELECT *`.	TRUE	Whether any canonical item marks the source section Canadian.	Never NULL; false or zero means the named section evidence is absent.
course_material_use	view	100	is_section_supply	boolean	course_material_recent	Inherited `course_material_recent.is_section_supply` via `SELECT *`.	TRUE	Whether any canonical item marks the source section supply.	Never NULL; false or zero means the named section evidence is absent.
course_material_use	view	101	section_supply_count	bigint	course_material_recent	Inherited `course_material_recent.section_supply_count` via `SELECT *`.	42	Supply canonical items counted for the source section.	Never NULL; false or zero means the named section evidence is absent.
